2478,Anette,Sipes,anette.sipes,anette.sipes@email.com,https://robohash.org/sitnihildignissimos.png?size=300x300&set=set1,Genderqueer,1981-01-20,"Port Reyna,Gleichner Grove,388 MacGyver Shoal,18611,Nebraska,United States"
3957,Clemente,Ferry,clemente.ferry,clemente.ferry@email.com,https://robohash.org/sequivoluptatesofficia.png?size=300x300&set=set1,Male,1981-10-22,"Sporerborough,Koch Ranch,422 Stroman Cove,17802-1679,Missouri,United States"
2131,Cody,McDermott,cody.mcdermott,cody.mcdermott@email.com,https://robohash.org/etnequesed.png?size=300x300&set=set1,Female,1996-08-11,"Lake Manuelview,Julian Skyway,815 Jamee Fort,23527,Colorado,United States"
6768,Connie,Fisher,connie.fisher,connie.fisher@email.com,https://robohash.org/eosdoloreum.png?size=300x300&set=set1,Non-binary,1959-04-30,"West Antony,Carri Glens,2775 Senger Roads,00929-4255,Nevada,United States"
5102,Hugo,Rath,hugo.rath,hugo.rath@email.com,https://robohash.org/voluptatibusutquia.png?size=300x300&set=set1,Genderfluid,1964-08-22,"East Deweyberg,Dare Mill,527 Jennefer Junction,75000,Louisiana,United States"
4732,Jody,Schroeder,jody.schroeder,jody.schroeder@email.com,https://robohash.org/dolorumblanditiisquam.png?size=300x300&set=set1,Agender,1966-07-24,"New Georgiannaburgh,Hermiston Ford,973 Carter Landing,35273-4071,Texas,United States"
9739,Juan,Weber,juan.weber,juan.weber@email.com,https://robohash.org/perferendisblanditiiset.png?size=300x300&set=set1,Polygender,1974-05-09,"Port Virgilstad,Schmeler Flat,52599 Ullrich Parks,57975-3394,Georgia,United States"
7288,Kenneth,Smitham,kenneth.smitham,kenneth.smitham@email.com,https://robohash.org/nostrumuteos.png?size=300x300&set=set1,Polygender,2002-07-12,"East Luigiville,Jerrell Junction,76922 Schuppe Manor,27863,Illinois,United States"
7717,Luci,Kerluke,luci.kerluke,luci.kerluke@email.com,https://robohash.org/rerumerrorab.png?size=300x300&set=set1,Genderfluid,1992-06-26,"Lake Armando,Koepp Expressway,32765 Ziemann Overpass,84134-7765,Pennsylvania,United States"
1945,Magda,Ortiz,magda.ortiz,magda.ortiz@email.com,https://robohash.org/quamomniset.png?size=300x300&set=set1,Bigender,1991-04-25,"East Clintland,Johns Fort,684 Corkery Forks,45651-6661,Michigan,United States"
690,Maryellen,Spinka,maryellen.spinka,maryellen.spinka@email.com,https://robohash.org/dolorplaceatnihil.png?size=300x300&set=set1,Bigender,1991-12-13,"Brekkeport,Terica Cliff,54054 MacGyver Dale,44636-9666,Virginia,United States"
5942,Mauro,Cormier,mauro.cormier,mauro.cormier@email.com,https://robohash.org/praesentiumsuntaperiam.png?size=300x300&set=set1,Polygender,2003-04-25,"South Williebury,Brett Forks,97296 Jenkins Parkway,71260-6089,Hawaii,United States"
9048,Ned,Walker,ned.walker,ned.walker@email.com,https://robohash.org/sequiaperiameaque.png?size=300x300&set=set1,Female,1988-06-23,"Kihnville,Wolff Lock,45235 Goodwin Neck,31317,Illinois,United States"
5624,Odessa,Upton,odessa.upton,odessa.upton@email.com,https://robohash.org/consecteturquiavoluptatem.png?size=300x300&set=set1,Bigender,1964-07-24,"Normandhaven,Hoppe Viaduct,956 Milton Forks,56039-1363,New Jersey,United States"
1192,Petra,Runolfsson,petra.runolfsson,petra.runolfsson@email.com,https://robohash.org/earumquiaexplicabo.png?size=300x300&set=set1,Polygender,1980-07-04,"Winstonfurt,Simonis Pine,452 Moen Unions,19945-4214,Florida,United States"
8019,Renee,Hayes,renee.hayes,renee.hayes@email.com,https://robohash.org/sitquisaut.png?size=300x300&set=set1,Male,1996-03-16,"Kshlerinside,Wiza Springs,70134 Marvin Centers,93225,Idaho,United States"
5181,Rosanna,Quitzon,rosanna.quitzon,rosanna.quitzon@email.com,https://robohash.org/consequaturquianecessitatibus.png?size=300x300&set=set1,Genderfluid,1970-10-12,"Darronport,Micaela Passage,504 Stoltenberg Mills,53626,Pennsylvania,United States"
3518,Stefan,Cormier,stefan.cormier,stefan.cormier@email.com,https://robohash.org/eaaliasquaerat.png?size=300x300&set=set1,Non-binary,1994-01-20,"North Bertieberg,Bins Walks,620 Tracy Ford,97228,Iowa,United States"
9502,Tony,Waelchi,tony.waelchi,tony.waelchi@email.com,https://robohash.org/magnamautemnostrum.png?size=300x300&set=set1,Genderfluid,1977-04-01,"West Eloytown,Towne Ranch,5330 Kunze Lock,91185-7455,Pennsylvania,United States"
7534,Trent,Reinger,trent.reinger,trent.reinger@email.com,https://robohash.org/utrerumlaudantium.png?size=300x300&set=set1,Male,1991-01-06,"East Sherril,Bogisich Summit,8628 Wilkinson Divide,26436-2361,West Virginia,United States"
2579,Val,Kirlin,val.kirlin,val.kirlin@email.com,https://robohash.org/harumsapientequod.png?size=300x300&set=set1,Male,1984-12-01,"Lake Christinia,Earl Cape,8181 Mickie Gardens,91168-7693,New Mexico,United States"
780,Verdell,Leannon,verdell.leannon,verdell.leannon@email.com,https://robohash.org/consecteturexpeditalibero.png?size=300x300&set=set1,Genderfluid,1958-04-27,"New Elmo,Huel Branch,65513 Reinaldo Spur,99914,South Dakota,United States"
576,Xenia,Jacobson,xenia.jacobson,xenia.jacobson@email.com,https://robohash.org/inreiciendissunt.png?size=300x300&set=set1,Agender,2003-08-15,"Marksstad,Carmelia Square,380 Gerda Parkways,97533-4606,Kansas,United States"
4248,Yong,Kessler,yong.kessler,yong.kessler@email.com,https://robohash.org/voluptasconsequaturcorporis.png?size=300x300&set=set1,Polygender,1959-07-25,"East Shavon,Wilderman Shoal,777 Huel Vista,78338-0432,South Carolina,United States"
